"Rank","UNITID","INSTNM","ADDR","State","ZIP","GENTELE","WEBADDR","CONTACTED? (Y/N)","DATE OF CONTACT","RESPONSE? (Y/N/NO-RESPONSE)","IF NO, REASON? (OPEN RESPONSE)"
1,235237,"Pierce College-Fort Steilacoom","9401 Farwest Dr SW","WA","98498-1999",2539646500,"www.pierce.ctc.edu","","","",""
2,136516,"Polk State College","999 Avenue H NE","FL","33881-4299",8632971000,"www.polk.edu","","","",""
3,239460,"Northcentral Technical College","1000 Campus Dr","WI","54401-1899",7156753331,"www.ntc.edu","","","",""
4,226578,"McLennan Community College","1400 College Dr","TX","76708",2542998622,"www.mclennan.edu","","","",""
5,198552,"Forsyth Technical Community College","2100 Silas Creek Pky","NC","27103-5197",3367230371,"www.forsythtech.edu/","","","",""
6,136473,"Pensacola State College","1000 College Blvd","FL","32504-8998",8504841000,"www.pensacolastate.edu","","","",""
7,207449,"Oklahoma City Community College","7777 S May Ave","OK","73159-9987",4056821611,"www.occc.edu","","","",""
8,233754,"Thomas Nelson Community College","99 Thomas Nelson Drive","VA","23666",7578252700,"www.tncc.edu","","","",""
9,104425,"Cochise County Community College District","901 N Colombo Ave","AZ","85635-2317",5205150500,"https://www.cochise.edu","","","",""
10,229355,"Tyler Junior College","1400 East Fifth Street","TX","75701",9035102200,"www.tjc.edu","","","",""
11,228608,"Temple College","2600 S 1st St","TX","76504-7435",2542988282,"www.templejc.edu","","","",""
12,236753,"Tacoma Community College","6501 S 19th St","WA","98466-6100",2535665000,"www.tacomacc.edu","","","",""
13,236656,"South Puget Sound Community College","2011 Mottman Rd SW","WA","98512-6292",3605965241,"www.spscc.edu","","","",""
14,236975,"Wenatchee Valley College","1300 Fifth St","WA","98801-1799",5096826800,"www.wvc.edu","","","",""
15,208318,"Central Oregon Community College","2600 NW College Way","OR","97703",5413837500,"www.cocc.edu","","","",""
16,130004,"Norwalk Community College","188 Richards Avenue","CT","06854",2038577000,"https://norwalk.edu","","","",""
17,172200,"Schoolcraft College","18600 Haggerty Road","MI","48152-2696",7344624400,"www.schoolcraft.edu","","","",""
18,222576,"Amarillo College","2011 S. Washington","TX","79109",8063715000,"www.actx.edu","","","",""
19,198154,"Cape Fear Community College","411 North Front Street","NC","28401-3910",9103627000,"www.cfcc.edu","","","",""
20,137759,"Tallahassee Community College","444 Appleyard Dr","FL","32304-2895",8502016200,"www.tcc.fl.edu","","","",""
21,143279,"Black Hawk College","6600-34th Avenue","IL","61265-5899",3097965000,"www.bhc.edu","","","",""
22,237039,"Whatcom Community College","237 W Kellogg Rd","WA","98226",3603833000,"www.whatcom.ctc.edu","","","",""
23,133386,"Daytona State College","1200 W. International Speedway Blvd.","FL","32114",3865063000,"www.DaytonaState.edu","","","",""
24,170240,"Henry Ford College","5101 Evergreen Rd","MI","48128-1495",3138459600,"https://www.hfcc.edu","","","",""
25,182500,"Truckee Meadows Community College","7000 Dandini Blvd","NV","89512-3999",7756737000,"www.tmcc.edu","","","",""
26,203748,"Lorain County Community College","1005 North Abbe Rd","OH","44035-1691",4403665222,"www.lorainccc.edu","","","",""
27,160579,"SOWELA Technical Community College","3820 J Bennett Johnston Ave","LA","70615",3374216565,"www.sowela.edu","","","",""
28,218894,"Trident Technical College","7000 Rivers Avenue","SC","29423-8067",8435746111,"www.tridenttech.edu","","","",""
29,118976,"Modesto Junior College","435 College Ave","CA","95350-5800",2095756550,"www.mjc.edu","","","",""
30,146685,"Lincoln Land Community College","5250 Shepherd Rd","IL","62794-9256",2177862200,"www.llcc.edu","","","",""
31,218991,"York Technical College","452 S Anderson Rd","SC","29730",8033278000,"www.yorktech.edu","","","",""
32,201928,"Cincinnati State Technical and Community College","3520 Central Parkway","OH","45223-2690",5135691500,"www.cincinnatistate.edu","","","",""
33,198330,"Coastal Carolina Community College","444 Western Blvd","NC","28546-6816",9104551221,"www.coastalcarolina.edu/","","","",""
34,130907,"Delaware Technical Community College-Terry","100 Campus Drive","DE","19901",3028571000,"https://www.dtcc.edu/our-campuses/dover","","","",""
35,198233,"Catawba Valley Community College","2550 Hwy 70 SE","NC","28602-0699",8283277000,"www.cvcc.edu","","","",""
36,102067,"Shelton State Community College","9500 Old Greensboro Rd","AL","35405-8522",2053912211,"www.sheltonstate.edu","","","",""
37,179308,"Saint Louis Community College","300 South Broadway","MO","63102-2810",3145395000,"www.stlcc.edu/","","","",""
38,205470,"Sinclair Community College","444 W. Third St.","OH","45402-1460",9375123000,"www.sinclair.edu","","","",""
39,226806,"Midland College","3600 N Garfield","TX","79705",4326854500,"www.midland.edu","","","",""
40,197887,"Asheville-Buncombe Technical Community College","340 Victoria Rd","NC","28801-4897",8282541921,"www.abtech.edu","","","",""
41,229540,"Victoria College","2200 E Red River","TX","77901",3615733291,"www.victoriacollege.edu","","","",""
42,174136,"Minneapolis Community and Technical College","1501 Hennepin Ave","MN","55403-1779",6126596000,"www.minneapolis.edu","","","",""
43,170055,"Grand Rapids Community College","143 Bostwick Ave NE","MI","49503-3295",6162344000,"www.grcc.edu","","","",""
44,180902,"Central Community College","3134 West Hwy 34","NE","68802-4903",3083984222,"www.cccneb.edu","","","",""
45,190619,"CUNY Kingsborough Community College","2001 Oriental Blvd","NY","11235",7183685000,"www.kbcc.cuny.edu","","","",""
46,177995,"Metropolitan Community College-Kansas City","3200 Broadway","MO","64111-2429",8166041000,"www.mcckc.edu","","","",""
47,154572,"Western Iowa Tech Community College","4647 Stone Ave","IA","51102-5199",71227464001731,"https://www.witcc.edu","","","",""
48,198260,"Central Piedmont Community College","1201 Elizabeth Avenue","NC","28204",7043302722,"www.cpcc.edu","","","",""
49,165194,"Cape Cod Community College","2240 Iyannough Rd","MA","02668-1599",50836221314311,"www.capecod.edu","","","",""
50,218113,"Greenville Technical College","506 S Pleasantburg Dr","SC","29606",8642508000,"www.gvltec.edu","","","",""
51,226204,"Lee College","511 S Whiting","TX","77520",2814275611,"www.lee.edu","","","",""
52,227304,"Odessa College","201 W University Blvd","TX","79764",4323356400,"www.odessa.edu","","","",""
53,120421,"Oxnard College","4000 S Rose Ave","CA","93033-6699",8059865800,"www.oxnardcollege.edu","","","",""
54,195322,"Schenectady County Community College","78 Washington Avenue","NY","12305",5183811200,"sunysccc.edu","","","",""
55,174428,"Normandale Community College","9700 France Ave S","MN","55431-4399",9523588200,"www.normandale.edu","","","",""
56,219824,"Chattanooga State Community College","4501 Amnicola Hwy","TN","37406-1097",4236974400,"www.chattanoogastate.edu","","","",""
57,126863,"Community College of Aurora","16000 E CentreTech Pky","CO","80011-9036",3033604700,"www.ccaurora.edu","","","",""
58,130396,"Gateway Community College","20 Church Street","CT","06510",2032852000,"www.gatewayct.edu/","","","",""
59,207397,"Oklahoma State University-Oklahoma City","900 N Portland","OK","73107-6195",4059474421,"www.osuokc.edu","","","",""
60,237109,"Yakima Valley College","South 16th Ave. & Nob Hill Blvd.","WA","98907-2520",5095744600,"www.yvcc.edu","","","",""
61,212878,"Harrisburg Area Community College","1 HACC Dr.","PA","17110-2999",7177802300,"www.hacc.edu","","","",""
62,170657,"Lansing Community College","419 N Capitol Ave","MI","48901-7210",5174831957,"www.lcc.edu","","","",""
63,144218,"City Colleges of Chicago-Wilbur Wright College","4300 N Narragansett","IL","60634-1500",7737777900,"ccc.edu/colleges/wright/pages/default.aspx","","","",""
64,105428,"Phoenix College","1202 W Thomas Rd","AZ","85013",6022642492,"www.phoenixcollege.edu","","","",""
65,181640,"Southeast Community College Area","301 South 68th Street Place","NE","68510-2449",4024713333,"www.southeast.edu","","","",""
66,174738,"Rochester Community and Technical College","851 30th Ave SE","MN","55904-4999",5072857210,"www.rctc.edu/","","","",""
67,236638,"Skagit Valley College","2405 E. College Way","WA","98273",3604167600,"www.skagit.edu","","","",""
68,364016,"Paradise Valley Community College","18401 N 32nd St","AZ","85032",6027876500,"www.pvc.maricopa.edu","","","",""
69,129808,"Three Rivers Community College","574 New London Turnpike","CT","06360",8602159000,"www.threerivers.edu","","","",""
70,169275,"Mott Community College","1401 E Court St","MI","48503-2089",8107620200,"www.mcc.edu","","","",""
71,126207,"Aims Community College","5401 W. 20th St.","CO","80634",9703308008,"www.aims.edu","","","",""
72,115001,"Glendale Community College","1500 N Verdugo Rd","CA","91208-2894",8182401000,"www.glendale.edu","","","",""
73,224615,"El Centro College","801 Main Street","TX","75202-3604",2148602037,"www.elcentrocollege.edu","","","",""
74,236887,"Walla Walla Community College","500 Tausick Way","WA","99362-9267",5095222500,"https://www.wwcc.edu/","","","",""
75,444219,"Folsom Lake College","10 College Parkway","CA","95630",9166086572,"www.flc.losrios.edu/","","","",""
76,174756,"St Cloud Technical and Community College","1540 Northway Drive","MN","56303-1240",3203085000,"www.sctcc.edu","","","",""
77,188100,"San Juan College","4601 College Blvd","NM","87402-4699",5053263311,"www.sanjuancollege.edu","","","",""
78,192022,"Jefferson Community College","1220 Coffeen St","NY","13601-1897",3157862200,"www.sunyjefferson.edu","","","",""
79,129756,"Middlesex Community College","100 Training Hill Rd","CT","06457-4829",8603435701,"www.mxcc.edu","","","",""
80,173461,"Lake Superior College","2101 Trinity Rd","MN","55811-3399",8004322884,"www.lsc.edu","","","",""
81,236188,"Olympic College","1600 Chester Ave","WA","98337-1699",3607926050,"www.olympic.edu","","","",""
82,191719,"Hudson Valley Community College","80 Vandenburgh Ave","NY","12180",5186294822,"www.hvcc.edu","","","",""
83,210605,"Community College of Allegheny County","800 Allegheny Ave","PA","15233-1895",4123232323,"https://www.ccac.edu","","","",""
84,132851,"College of Central Florida","3001 SW College Rd","FL","34474",3528735800,"www.cf.edu","","","",""
85,198367,"Craven Community College","800 College Ct","NC","28562-4900",2526387200,"www.cravencc.edu","","","",""
86,239248,"Milwaukee Area Technical College","700 W State St","WI","53233-1443",4142976370,"matc.edu","","","",""
87,227191,"North Lake College","5001 North MacArthur Blvd.","TX","75038-3899",9722733000,"www.northlakecollege.edu","","","",""
88,153630,"Iowa Western Community College","2700 College Rd","IA","51503-1057",7123253200,"www.iwcc.edu/","","","",""
89,139384,"Georgia Northwestern Technical College","One Maurice Culberson Drive","GA","30161",7062956963,"www.gntc.edu","","","",""
90,209074,"Linn-Benton Community College","6500 Pacific Blvd SW","OR","97321",5419174999,"https://www.linnbenton.edu","","","",""
91,105145,"GateWay Community College","108 N. 40th Street","AZ","85034",6023925000,"www.gatewaycc.edu","","","",""
92,221184,"Nashville State Community College","120 White Bridge Rd","TN","37209-4515",6153533333,"www.nscc.edu","","","",""
93,155292,"Kansas City Kansas Community College","7250 State Ave","KS","66112",9133341100,"www.kckcc.edu","","","",""
94,101505,"Jefferson State Community College","2601 Carson Rd","AL","35215-3098",2058531200,"www.jeffersonstate.edu/","","","",""
95,220400,"Jackson State Community College","2046 North Pky","TN","38301-3797",7314243520,"www.jscc.edu","","","",""
96,120342,"Orange Coast College","2701 Fairview Road","CA","92626",7144325072,"www.orangecoastcollege.edu/","","","",""
97,118718,"Merced College","3600 M St","CA","95348-2898",2093846000,"www.mccd.edu","","","",""
98,193283,"Mohawk Valley Community College","1101 Sherman Dr","NY","13501-5394",3157925400,"www.mvcc.edu","","","",""
99,236708,"Spokane Falls Community College","3410 W Fort George Wright Dr","WA","99224-5288",5095333500,"www.spokanefalls.edu","","","",""
100,117733,"Los Angeles Valley College","5800 Fulton Avenue","CA","91401-4096",8189472600,"www.lavc.edu","","","",""
101,246813,"Athens Technical College","800 U.S. Hwy 29 North","GA","30601",7063555000,"www.athenstech.edu/","","","",""
102,231697,"Central Virginia Community College","3506 Wards Rd","VA","24502-2498",4348327600,"www.cvcc.vccs.edu","","","",""
103,441760,"Lamar Institute of Technology","855 E Lavaca","TX","77705",4098808321,"www.lit.edu","","","",""
104,162779,"Howard Community College","10901 Little Patuxent Pkwy","MD","21044-3197",4435181000,"www.howardcc.edu","","","",""
105,367459,"NorthWest Arkansas Community College","One College Drive","AR","72712-5091",4799864000,"www.nwacc.edu","","","",""
106,158431,"Bossier Parish Community College","6220 East Texas","LA","71111-6922",3186786000,"www.bpcc.edu","","","",""
107,173911,"South Central College","1920 Lee Blvd","MN","56003-1920",5073897200,"www.southcentral.edu","","","",""
108,487320,"Texas State Technical College","3801 Campus Drive","TX","76705",8007928784,"www.tstc.edu","","","",""
109,239488,"Northeast Wisconsin Technical College","2740 W Mason St","WI","54307-9042",9204985400,"www.nwtc.edu","","","",""
110,123217,"College of the Sequoias","915 S. Mooney Blvd","CA","93277-2214",5597303700,"www.cos.edu","","","",""
111,224350,"Del Mar College","101 Baldwin Blvd.","TX","78404-3897",3616981255,"www.delmar.edu","","","",""
112,134495,"Hillsborough Community College","39 Columbia Drive","FL","33606-3584",8132537000,"www.hccfl.edu","","","",""
113,146348,"Kankakee Community College","100 College Drive","IL","60901",8158028100,"www.kcc.edu","","","",""
114,228699,"Texarkana College","2500 N Robison Rd","TX","75599",9038233456,"https://www.texarkanacollege.edu","","","",""
115,101286,"George C Wallace Community College-Dothan","1141 Wallace Drive","AL","36303-9234",3349833521,"www.wallace.edu","","","",""
116,148380,"Rock Valley College","3301 N Mulford Rd","IL","61114-5699",8159217821,"www.rockvalleycollege.edu","","","",""
117,171304,"Muskegon Community College","221 S Quarterline Rd","MI","49442-1432",2317739131,"www.muskegoncc.edu","","","",""
118,133702,"Florida State College at Jacksonville","501 W State St","FL","32202",9046338100,"www.fscj.edu","","","",""
119,221485,"Southwest Tennessee Community College","737 Union Avenue","TN","38103",9013335000,"www.southwest.tn.edu","","","",""
120,156921,"Jefferson Community and Technical College","109 E Broadway","KY","40202-2005",5022134000,"www.jefferson.kctcs.edu","","","",""
121,202134,"Cleveland State University","2121 Euclid Avenue","OH","44115-2214",2166872000,"www.csuohio.edu/","","","",""
122,117706,"Los Angeles Pierce College","6201 Winnetka Ave","CA","91371-0002",8187196401,"www.piercecollege.edu","","","",""
123,198534,"Fayetteville Technical Community College","2201 Hull Rd","NC","28303-0236",9106788400,"www.faytechcc.edu","","","",""
124,217475,"Community College of Rhode Island","400 East Ave","RI","02886-1807",4018251000,"www.ccri.edu","","","",""
125,127884,"Pueblo Community College","900 West Orman Avenue","CO","81004-1499",7195493200,"www.pueblocc.edu","","","",""
126,127909,"Red Rocks Community College","13300 W Sixth Ave","CO","80228-1255",3039146600,"www.rrcc.edu","","","",""
127,437103,"Baton Rouge Community College","201 Community College Drive","LA","70806",2252168000,"www.mybrcc.edu","","","",""
128,105525,"Pima Community College","4905C East  Broadway Blvd.","AZ","85709-1275",5202064500,"www.pima.edu","","","",""
129,122339,"San Diego City College","1313 Park Boulevard","CA","92101-4787",6193883400,"www.sdcity.edu/","","","",""
130,156392,"Bluegrass Community and Technical College","470 Cooper Drive","KY","40506",8592466200,"https://www.bluegrass.kctcs.edu/","","","",""
131,101240,"Gadsden State Community College","1001 George Wallace Dr","AL","35903",2565498200,"www.gadsdenstate.edu","","","",""
132,156648,"Elizabethtown Community and Technical College","600 College Street Rd","KY","42701-3081",2707692371,"https://www.elizabethtown.kctcs.edu","","","",""
133,202356,"Cuyahoga Community College District","700 Carnegie Ave","OH","44115-2878",8009548742,"www.tri-c.edu","","","",""
134,161545,"Southern Maine Community College","2 Fort Road","ME","04106-1698",2077415500,"www.smccME.edu","","","",""
135,240116,"Chippewa Valley Technical College","620 W Clairemont Ave","WI","54701-6162",7158336200,"www.cvtc.edu","","","",""
136,134343,"Gulf Coast State College","5230 West U.S. Highway 98","FL","32401",8507691551,"https://www.gulfcoast.edu/default.htm","","","",""
137,142443,"North Idaho College","1000 West Garden Avenue","ID","83814-2199",2087693300,"www.nic.edu/","","","",""
138,105792,"South Mountain Community College","7050 S 24th St","AZ","85042",6022438135,"www.southmountaincc.edu","","","",""
139,147916,"Parkland College","2400 W Bradley Ave","IL","61821-1899",2173512200,"www.parkland.edu","","","",""
140,234933,"Clark College","1933 Fort Vancouver Way","WA","98663-3598",3609922000,"www.clark.edu","","","",""
141,170550,"Kellogg Community College","450 North Ave","MI","49017-3397",2699653931,"www.kellogg.edu","","","",""
142,144209,"City Colleges of Chicago-Harold Washington College","30 E Lake St","IL","60601-2449",3125535600,"www.ccc.edu/colleges/washington/Pages/default.aspx","","","",""
143,226930,"Mountain View College","4849 West Illinois Ave.","TX","75211-6599",2148608680,"www.dcccd.edu","","","",""
144,161138,"Eastern Maine Community College","354 Hogan Rd","ME","04401",2079744600,"www.emcc.edu","","","",""
145,232982,"Old Dominion University","5115 Hampton Blvd","VA","23529",7576833000,"www.odu.edu","","","",""
146,218140,"Horry-Georgetown Technical College","2050 Highway 501 East","SC","29526",8433473186,"www.hgtc.edu","","","",""
147,139463,"Dalton State College","650 College Drive","GA","30720-3797",7062724436,"https://www.daltonstate.edu/index.cms","","","",""
148,167905,"Springfield Technical Community College","1 Armory Sq","MA","01105-1296",4137817822,"www.stcc.edu","","","",""
149,105154,"Mesa Community College","1833 W Southern Ave","AZ","85202",4804617000,"www.mesacc.edu","","","",""
150,209746,"Portland Community College","12000 SW 49th Avenue","OR","97219-7132",9717226111,"www.pcc.edu","","","",""
151,172635,"Wayne County Community College District","801 W. Fort Street","MI","48226",3134962600,"www.wcccd.edu","","","",""
152,226091,"Lamar University","4400 MLK Blvd","TX","77705",4098807011,"www.lamar.edu","","","",""
153,156082,"Washburn University","1700 SW College Avenue","KS","66621-0001",7856701010,"www.washburn.edu","","","",""
154,158088,"Central Louisiana Technical Community College","4311 South MacArthur Drive","LA","71302-3137",3184875443,"www.cltcc.edu","","","",""
155,167534,"Quinsigamond Community College","670 West Boylston Street","MA","01606-2092",5088532300,"www.qcc.edu","","","",""
156,233772,"Tidewater Community College","121 College Place","VA","23510",7578221122,"www.tcc.edu","","","",""
157,153445,"Hawkeye Community College","1501 E Orange Rd","IA","50701",3192962320,"www.hawkeyecollege.edu","","","",""
158,117690,"Los Angeles Harbor College","1111 Figueroa Place","CA","90744-2397",3102334000,"www.lahc.edu","","","",""
159,114266,"Evergreen Valley College","3095 Yerba Buena Rd","CA","95135-1598",4082747900,"www.evc.edu","","","",""
160,161554,"University of Southern Maine","96 Falmouth St","ME","04103",2077804141,"www.usm.maine.edu","","","",""
161,102094,"University of South Alabama","307 N University Blvd","AL","36688-0002",2514606101,"www.southalabama.edu","","","",""
162,142276,"Idaho State University","921 S 8th Ave","ID","83209",2082822700,"www.isu.edu/","","","",""
163,149222,"Southern Illinois University-Carbondale","Lincoln Drive","IL","62901-4512",6184532121,"www.siu.edu","","","",""
164,201973,"Clark State Community College","570 E Leffel Ln","OH","45501-0570",9373250691,"www.clarkstate.edu","","","",""
165,202222,"Columbus State Community College","550 E Spring St","OH","43215",6142875353,"www.cscc.edu/","","","",""
166,138789,"Armstrong State University","11935 Abercorn St","GA","31419-1997",9123442576,"https://www.armstrong.edu","","","",""
167,176372,"University of Southern Mississippi","118 College Drive # 0001","MS","39406-0001",6012661000,"www.usm.edu","","","",""
168,220862,"University of Memphis","Southern Avenue","TN","38152",9016782000,"www.memphis.edu","","","",""
169,141839,"University of Hawaii Maui College","310 W Kaahumanu Ave","HI","96732-1617",8089843500,"maui.hawaii.edu","","","",""
170,219879,"Cleveland State Community College","3535 Adkisson Drive","TN","37312",4234727141,"www.clevelandstatecc.edu","","","",""
171,166638,"University of Massachusetts-Boston","100 Morrissey Boulevard","MA","02125-3393",6172875000,"www.umb.edu","","","",""
172,119331,"Napa Valley College","2277 Napa-Vallejo Hwy","CA","94558-6236",7072567000,"www.napavalley.edu","","","",""
173,127556,"Colorado Mesa University","1100 North Avenue","CO","81501-3122",9702481020,"www.coloradomesa.edu","","","",""
174,101736,"Northwest-Shoals Community College","800 George Wallace Blvd","AL","35661",2563315200,"https://www.nwscc.edu","","","",""
175,156125,"Wichita State University","1845 N. Fairmount","KS","67260-0124",3169783456,"www.wichita.edu","","","",""
176,434061,"South Louisiana Community College","1101 Bertrand Drive","LA","70506-4109",3375219000,"solacc.edu/","","","",""
177,199148,"University of North Carolina at Greensboro","1400 Spring Garden St","NC","27402-6170",3363345000,"www.uncg.edu","","","",""
178,227766,"Richland College","12800 Abrams Rd.","TX","75243-2199",9722386100,"www.richlandcollege.edu","","","",""
179,222062,"Walters State Community College","500 South Davy Crockett Parkway","TN","37813-6899",4235852600,"www.ws.edu","","","",""
180,129543,"Housatonic Community College","900 Lafayette Blvd","CT","06604-4704",2033325000,"www.hcc.commnet.edu","","","",""
181,230171,"Dixie State University","225 S University Avenue","UT","84770-3876",4356527500,"dixie.edu/","","","",""
182,126580,"University of Colorado Colorado Springs","1420 Austin Bluffs Parkway","CO","80918",7192553000,"https://www.uccs.edu","","","",""
183,109819,"Bakersfield College","1801 Panorama Dr","CA","93305-1299",6613954011,"www.bakersfieldcollege.edu/","","","",""
184,125170,"Berkeley City College","2050 Center Sreet","CA","94704",5109812800,"www.berkeleycitycollege.edu/wp/","","","",""
185,106148,"Yavapai College","1100 E Sheldon St","AZ","86301",9284457300,"www.YC.EDU","","","",""
186,219602,"Austin Peay State University","601 College St","TN","37044",9312217011,"www.apsu.edu","","","",""
187,226833,"Midwestern State University","3410 Taft Blvd","TX","76308-2099",9403974000,"www.mwsu.edu","","","",""
188,377564,"University of Washington-Tacoma Campus","1900 Commerce St","WA","98402-3100",2536924400,"www.tacoma.uw.edu/","","","",""
189,183132,"Manchester Community College","1066 Front St","NH","03102-8518",6032068000,"www.mccnh.edu","","","",""
190,183141,"Nashua Community College","505 Amherst St","NH","03063-1026",6035788900,"nashuacc.edu","","","",""
191,100830,"Auburn University at Montgomery","7440 East Drive","AL","36117-3596",3342443000,"www.aum.edu","","","",""
192,159966,"Nicholls State University","University Station  La Hwy 1","LA","70310",8776424655,"www.nicholls.edu","","","",""
193,163426,"Montgomery College","51 Mannakee Street","MD","20850",2405675000,"www.montgomerycollege.edu","","","",""
194,168430,"Worcester State University","486 Chandler St","MA","01602-2597",5089298000,"www.worcester.edu","","","",""
195,233949,"Virginia Western Community College","3093 Colonial Ave","VA","24015",5408577311,"virginiawestern.edu/","","","",""
196,369419,"Erwin Technical College","2010 E. Hillsborough Avenue","FL","33610-8299",8137695180,"www.erwin.edu","","","",""
197,123527,"San Bernardino Valley College","701 South Mount Vernon Avenue","CA","92410-2798",9093844400,"www.valleycollege.edu","","","",""
198,117788,"Los Angeles City College","855 N Vermont Ave","CA","90029",3239534000,"www.lacitycollege.edu/","","","",""
199,209807,"Portland State University","724 SW Harrison","OR","97201",5037253000,"www.pdx.edu","","","",""
200,113096,"Cosumnes River College","8401 Center Parkway","CA","95823-5799",9166887344,"www.crc.losrios.edu/","","","",""
201,117724,"Los Angeles Trade Technical College","400 W Washington Blvd","CA","90015-4181",2137637000,"www.lattc.edu","","","",""
202,137209,"Seminole State College of Florida","100 Weldon Blvd","FL","32773-6199",4077084722,"https://www.seminolestate.edu/","","","",""
203,240170,"Western Technical College","400 Seventh St. North","WI","54601",6087859200,"https://www.westerntc.edu","","","",""
204,104160,"Arizona Western College","2020 S. Avenue 8E","AZ","85365-8834",9283176000,"www.azwestern.edu","","","",""
205,121363,"Porterville College","100 E College Ave","CA","93257",5597912200,"www.portervillecollege.edu","","","",""
206,190673,"CUNY Queensborough Community College","222-05 56th Ave","NY","11364-1497",71863162626279,"www.qcc.cuny.edu","","","",""
207,448886,"Arizona State University-Downtown Phoenix","411 N Central Ave","AZ","85004",8552785080,"www.asu.edu/","","","",""
208,226116,"Lamar State College-Port Arthur","1500 Proctor St","TX","77640",4099846342,"www.lamarpa.edu","","","",""
209,182281,"University of Nevada-Las Vegas","4505 S Maryland Pky","NV","89154",7028953011,"www.unlv.edu/","","","",""
210,178341,"Missouri Southern State University","3950 E. Newman Road","MO","64801-1595",4176259300,"www.mssu.edu","","","",""
211,235750,"Lower Columbia College","1600 Maple Street","WA","98632-0310",3604422311,"https://lowercolumbia.edu","","","",""
212,162557,"Frederick Community College","7932 Opossumtown Pike","MD","21702-2964",3018462400,"www.frederick.edu","","","",""
213,105330,"Northern Arizona University","1900 S. Knoles Dr., Babbitt Administrative Center, Room 200","AZ","86011-4092",9285239011,"https://nau.edu/","","","",""
214,122180,"Sacramento City College","3835 Freeport Blvd","CA","95822-1386",9165582111,"www.scc.losrios.edu/","","","",""
215,151111,"Indiana University-Purdue University-Indianapolis","425 University Blvd","IN","46202-5143",3172745555,"www.iupui.edu","","","",""
216,128106,"Colorado State University-Pueblo","2200 Bonforte Blvd","CO","81001-4901",7195492100,"https://www.csupueblo.edu","","","",""
217,238263,"Madison Area Technical College","1701 Wright Street","WI","53704-2599",6082466100,"madisoncollege.edu","","","",""
218,144564,"Danville Area Community College","2000 E Main St","IL","61832-5118",2174433222,"www.dacc.edu","","","",""
219,246354,"Palo Alto College","1400 W Villaret Blvd","TX","78224-2499",2104863000,"alamo.edu/pac/","","","",""
220,227924,"San Antonio College","1819 N. Main Ave.,","TX","78212-3941",2104860000,"www.alamo.edu/sac","","","",""
221,127741,"University of Northern Colorado","Carter Hall - Rm 4000","CO","80639",9703511890,"www.unco.edu","","","",""
222,121044,"Pasadena City College","1570 E Colorado Blvd.","CA","91106-2003",6265857123,"pasadena.edu/","","","",""
223,483045,"Central Georgia Technical College","80 Cohen Walker Drive","GA","31088",4787573400,"www.centralgatech.edu","","","",""
224,144944,"Elgin Community College","1700 Spartan Drive","IL","60123-7193",8476971000,"www.elgin.edu","","","",""
225,102313,"H Councill Trenholm State Community College","1225 Air Base Blvd","AL","36108-3199",3344204200,"www.trenholmstate.edu","","","",""
226,142328,"Lewis-Clark State College","500 8th Ave","ID","83501-2698",2087925272,"www.lcsc.edu","","","",""
227,180489,"The University of Montana","Missoula, Montana","MT","59812",4062430211,"www.umt.edu","","","",""
228,108807,"Allan Hancock College","800 South College Drive","CA","93454-6399",8059226966,"www.hancockcollege.edu/","","","",""
229,153737,"Kirkwood Community College","6301 Kirkwood Blvd SW","IA","52406-2068",3193985411,"www.kirkwood.edu","","","",""
230,190558,"College of Staten Island CUNY","2800 Victory Blvd","NY","10314",7189822000,"www.csi.cuny.edu","","","",""
231,198464,"East Carolina University","East 5th Street","NC","27858-4353",2523286131,"www.ecu.edu","","","",""
232,159416,"Louisiana State University-Shreveport","One University Place","LA","71115-2399",3187975000,"www.lsus.edu/","","","",""
233,182564,"Western Nevada College","2201 West College Parkway","NV","89703-7399",7754453000,"www.wnc.edu","","","",""
234,118772,"Merritt College","12500 Campus Dr","CA","94619-3196",5105314911,"www.merritt.edu","","","",""
235,111920,"Chabot College","25555 Hesperian Blvd","CA","94545",5107236600,"www.chabotcollege.edu","","","",""
236,113333,"De Anza College","21250 Stevens Creek Blvd.","CA","95014",4088645678,"www.deanza.edu/","","","",""
237,117867,"Los Angeles Mission College","13356 Eldridge Avenue","CA","91342-3200",8183647600,"www.lamission.edu","","","",""
238,117645,"Long Beach City College","4901 E. Carson St.","CA","90808-1706",5629384111,"www.lbcc.edu","","","",""
239,100663,"University of Alabama at Birmingham","Administration Bldg Suite 1070","AL","35294-0110",2059344011,"www.uab.edu","","","",""
240,147800,"Oakton Community College","1600 E Golf Rd.","IL","60016-1268",8476351600,"www.oakton.edu","","","",""
241,141796,"Kapiolani Community College","4303 Diamond Head Road","HI","96816-4421",8087349000,"https://www.kapiolani.hawaii.edu","","","",""
242,420398,"Northwest Vista College","3535 N. Ellison Drive","TX","78251",2104864000,"alamo.edu/nvc/","","","",""
243,137087,"Pinellas Technical College-St. Petersburg","901 34th St S","FL","33711-2209",72789325002520,"www.myptc.edu","","","",""
244,227854,"St Philip's College","1801 Martin Luther King Dr","TX","78203-2098",2104862000,"www.alamo.edu/spc/","","","",""
245,436836,"University of Connecticut-Stamford","One University Place","CT","06901-2315",8604862000,"uconn.edu/","","","",""
246,220075,"East Tennessee State University","1276 Gilbreath Drive","TN","37614",4234391000,"www.etsu.edu","","","",""
247,182005,"College of Southern Nevada","6375 W. Charleston Blvd.","NV","89146-1164",7026515000,"www.csn.edu","","","",""
248,175041,"Saint Paul College","235 Marshall Ave","MN","55102-9808",6518461600,"https://www.saintpaul.edu","","","",""
249,206084,"University of Toledo","2801 W Bancroft","OH","43606-3390",8005865336,"www.utoledo.edu/","","","",""
250,407009,"Arizona State University-West","4701 W Thunderbird Road","AZ","85306",8552785080,"www.asu.edu/","","","",""
251,144166,"City Colleges of Chicago-Malcolm X College","1900 W Jackson Blvd","IL","60612-3197",3128507000,"www.ccc.edu/colleges/malcolm-x/pages/default.aspx","","","",""
252,229018,"The University of Texas of the Permian Basin","4901 E University","TX","79762-0001",4325522020,"www.utpb.edu","","","",""
253,122658,"San Joaquin Delta College","5151 Pacific Ave","CA","95207",2099545151,"www.deltacollege.edu/index.html","","","",""
254,151342,"Indiana University-South Bend","1700 Mishawaka Ave","IN","46634-7111",5745204872,"https://iusb.edu/","","","",""
255,142115,"Boise State University","1910 University Dr","ID","83725",2084261000,"www.boisestate.edu","","","",""
256,118930,"Mission College","3000 Mission College Blvd","CA","95054-1897",4089882200,"www.missioncollege.edu/","","","",""
257,126942,"Community College of Denver","1111 W. Colfax Ave.","CO","80204-2026",3035562600,"www.ccd.edu","","","",""
258,121901,"Riverside City College","4800 Magnolia Avenue","CA","92506",95122280008979,"www.rcc.edu/riverside/","","","",""
259,177472,"Ozarks Technical Community College","1001 E. Chestnut Expressway","MO","65802",4174477500,"www.otc.edu","","","",""
260,160612,"Southeastern Louisiana University","548 Ned McGehee Ave.","LA","70402",9855492000,"www.southeastern.edu","","","",""
261,229179,"Texas Woman's University","304 Administration Dr","TX","76204",9408982000,"www.twu.edu","","","",""
262,144175,"City Colleges of Chicago-Olive-Harvey College","10001 S Woodlawn Ave","IL","60628-1696",7732916100,"ccc.edu/colleges/olive-harvey/pages/default.aspx","","","",""
263,148292,"Richland Community College","One College Park","IL","62521-8512",2178757200,"www.richland.edu","","","",""
264,240055,"University of Wisconsin Colleges","780 Regent St","WI","53708",8778953276,"uwc.edu","","","",""
265,181394,"University of Nebraska at Omaha","6001 Dodge St","NE","68182-0225",4025542800,"https://www.unomaha.edu","","","",""
266,161688,"Allegany College of Maryland","12401 Willowbrook Rd SE","MD","21502-2596",3017845000,"www.allegany.edu","","","",""
267,172699,"Western Michigan University","1903 W Michigan Ave","MI","49008-5200",2693871000,"https://wmich.edu/","","","",""
268,178387,"Missouri Western State University","4525 Downs Dr","MO","64507",8162714200,"https://www.missouriwestern.edu","","","",""
269,138187,"Valencia College","1768 Park Center Drive","FL","32835",4072992187,"valenciacollege.edu","","","",""
270,122375,"San Diego Mesa College","7250 Mesa College Dr","CA","92111-4998",6193882604,"www.sdmesa.edu/","","","",""
271,115393,"Hartnell College","411 Central Avenue","CA","93901",8317556700,"www.hartnell.edu","","","",""
272,207935,"Tulsa Community College","6111 E Skelly Dr","OK","74135-6198",9185957000,"www.tulsacc.edu","","","",""
273,366252,"Pennsylvania College of Technology","One College Ave","PA","17701-5799",5703263761,"https://www.pct.edu","","","",""
274,237525,"Marshall University","1 John Marshall Dr","WV","25755",8006423463,"www.marshall.edu/","","","",""
275,190628,"CUNY LaGuardia Community College","31-10 Thomson Ave","NY","11101",7184827200,"www.lagcc.cuny.edu","","","",""
276,164076,"Towson University","8000 York Rd","MD","21252-0001",4107042000,"www.towson.edu","","","",""
277,179557,"Southeast Missouri State University","One University Plaza, MS4675","MO","63701",5736512000,"www.semo.edu","","","",""
278,190655,"CUNY New York City College of Technology","300 Jay St","NY","11201",7182605500,"www.citytech.cuny.edu","","","",""
279,102553,"University of Alaska Anchorage","3211 Providence Drive","AK","99508",9077861800,"www.uaa.alaska.edu","","","",""
280,141680,"Honolulu Community College","874 Dillingham Blvd","HI","96817-4505",8088459211,"www.honolulu.hawaii.edu","","","",""
281,187532,"Central New Mexico Community College","525 Buena Vista SE","NM","87106",5052243000,"www.cnm.edu","","","",""
282,151324,"Indiana State University","210 N 7th St","IN","47809",8122376311,"www.indstate.edu","","","",""
283,229027,"The University of Texas at San Antonio","One UTSA Circle","TX","78249-1644",2104584011,"www.utsa.edu/","","","",""
284,198455,"Durham Technical Community College","1637 Lawson Street","NC","27703-5023",9195367200,"www.durhamtech.edu","","","",""
285,137078,"St Petersburg College","6021 142nd  Ave N","FL","33760-2822",7273414772,"www.spcollege.edu","","","",""
286,108092,"University of Arkansas-Fort Smith","5210 Grand Ave","AR","72913-3649",4797887000,"uafs.edu/","","","",""
287,122746,"San Jose City College","2100 Moorpark Ave","CA","95128-2798",4082982181,"www.sjcc.edu","","","",""
288,151102,"Indiana University-Purdue University-Fort Wayne","2101 E Coliseum Blvd","IN","46805-1499",2604816100,"www.ipfw.edu","","","",""
289,123013,"Santa Rosa Junior College","1501 Mendocino Avenue","CA","95401-4395",7075274011,"www.santarosa.edu","","","",""
290,106704,"University of Central Arkansas","201 Donaghey Ave","AR","72035-0001",5014505000,"www.uca.edu","","","",""
291,248925,"Tennessee College of Applied Technology Nashville","100 White Bridge Rd","TN","37209-4515",61542555005540,"www.tcatnashville.edu","","","",""
292,234696,"Bellingham Technical College","3028 Lindbergh Ave","WA","98225-1599",3607527000,"www.btc.edu","","","",""
293,174783,"Saint Cloud State University","720 Fourth Ave. South","MN","56301-4498",3203080121,"www.stcloudstate.edu","","","",""
294,122889,"Santa Barbara City College","721 Cliff Drive","CA","93109-2394",8059650581,"www.sbcc.edu","","","",""
295,221740,"The University of Tennessee-Chattanooga","615 McCallie Ave","TN","37403-2598",4234254111,"www.utc.edu","","","",""
296,156338,"Southcentral Kentucky Community and Technical College","1845 Loop Dr","KY","42101-3601",2709011000,"southcentral.kctcs.edu/","","","",""
297,141574,"University of Hawaii at Manoa","2500 Campus Road","HI","96822-2217",8089568111,"www.manoa.hawaii.edu","","","",""
298,230782,"Weber State University","3850 Dixon Parkway Dr. Dept. 1031","UT","84408-1031",8016266000,"www.weber.edu","","","",""
299,200800,"University of Akron Main Campus","302 Buchtel Common","OH","44325-4702",3309727111,"www.uakron.edu","","","",""
300,180249,"Great Falls College Montana State University","2100 16th Ave S","MT","59405",4067714300,"www.gfcmsu.edu","","","",""
301,224642,"El Paso Community College","9050 Viscount Blvd","TX","79925",9158312000,"www.epcc.edu","","","",""
302,420574,"Arizona State University-Polytechnic","7001 E Williams Field Road","AZ","85212",8552785080,"www.asu.edu/","","","",""
303,181303,"Metropolitan Community College Area","30 & Fort Street","NE","68111-1610",5316222400,"www.mccneb.edu","","","",""
304,157951,"Western Kentucky University","1906 College Heights Blvd","KY","42101-1000",2707450111,"www.wku.edu","","","",""
305,239372,"Moraine Park Technical College","235 N National Avenue","WI","54936-1940",9209292483,"www.morainepark.edu","","","",""
306,199908,"Western Piedmont Community College","1001 Burkemont Ave","NC","28655-4511",8284383500,"www.wpcc.edu","","","",""
307,170790,"Macomb Community College","14500 E Twelve Mile Rd","MI","48088-3896",5864457999,"www.macomb.edu","","","",""
308,240505,"Casper College","125 College Drive","WY","82601-4699",3072682110,"www.caspercollege.edu","","","",""
309,212115,"East Stroudsburg University of Pennsylvania","200 Prospect Street","PA","18301-2999",5704223117,"www4.esu.edu/","","","",""
310,180179,"Montana State University-Billings","1500 University Drive","MT","59101-0298",4066572011,"www.msubillings.edu","","","",""
311,234030,"Virginia Commonwealth University","910 W Franklin St","VA","23284-2512",8048280100,"www.vcu.edu/","","","",""
312,182290,"University of Nevada-Reno","North Virginia Street","NV","89557",7757841110,"www.unr.edu/","","","",""
313,184995,"Hudson County Community College","70 Sip Avenue","NJ","07306",2017147100,"www.hccc.edu","","","",""
314,139357,"Columbus Technical College","928 Manchester Expy","GA","31904-6572",7066491800,"https://www.columbustech.edu/","","","",""
315,230728,"Utah State University","Old Main Hill","UT","84322-1400",4357971000,"www.usu.edu","","","",""
316,236382,"Renton Technical College","3000 NE Fourth St","WA","98056-4123",4252352352,"www.rtc.edu","","","",""
317,235671,"Bates Technical College","1101 S Yakima Ave","WA","98405",2536807000,"www.bates.ctc.edu/","","","",""
318,227377,"Texas Southmost College","80 Fort Brown","TX","78520",9562953600,"www.tsc.edu","","","",""
319,489201,"Clovis Community College","10309 North Willow Avenue","CA","93730",5593255200,"www.cloviscollege.edu/","","","",""
320,122977,"Santa Monica College","1900 Pico Blvd","CA","90405-1628",3104344000,"www.smc.edu","","","",""
321,214689,"Pennsylvania State University-Penn State Altoona","3000 Ivyside Park","PA","16601-3777",8149495000,"altoona.psu.edu/","","","",""
322,236513,"Seattle Central College","1701 Broadway Avenue","WA","98122",2069343800,"www.seattlecentral.edu","","","",""
323,199892,"Wayne Community College","3000 Wayne Memorial Dr","NC","27534-8002",9197355151,"www.waynecc.edu","","","",""
324,236692,"Spokane Community College","1810 North Greene Street","WA","99217-5399",5095337000,"www.scc.spokane.edu","","","",""
325,165112,"Bunker Hill Community College","250 New Rutherford Ave","MA","02129-2925",6172282000,"www.bhcc.mass.edu","","","",""
326,132709,"Broward College","111 East Las Olas Blvd","FL","33301",9542017350,"www.broward.edu","","","",""
327,215239,"Community College of Philadelphia","1700 Spring Garden St","PA","19130-3991",2157518000,"www.ccp.edu","","","",""
328,234951,"Clover Park Technical College","4500 Steilacoom Blvd SW","WA","98499-4004",2535895800,"www.cptc.edu","","","",""
329,230737,"Utah Valley University","800 W University Parkway","UT","84058-5999",8018638000,"www.uvu.edu","","","",""
330,125091,"Victor Valley College","18422 Bear Valley Rd","CA","92395-5850",76024542712395,"www.vvc.edu","","","",""
331,104179,"University of Arizona","1401 E University","AZ","85721-0066",5206212211,"www.arizona.edu","","","",""
332,107664,"University of Arkansas-Pulaski Technical College","3000 W Scenic Dr","AR","72118-3347",5018122200,"www.uaptc.edu","","","",""
333,159993,"University of Louisiana at Monroe","700 University Avenue","LA","71209-0000",3183421000,"www.ulm.edu","","","",""
334,240277,"University of Wisconsin-Green Bay","2420 Nicolet Dr","WI","54311-7001",9204652111,"www.uwgb.edu","","","",""
335,236504,"South Seattle College","6000 16th Ave SW","WA","98106-1499",2069345300,"southseattle.edu","","","",""
336,200280,"University of North Dakota","264 Centennial Drive, Stop 8193","ND","58202-8193",8002255863,"und.edu","","","",""
337,179566,"Missouri State University-Springfield","901 S National Avenue","MO","65897",4178365000,"www.missouristate.edu","","","",""
338,228547,"Tarrant County College District","1500 Houston St","TX","76102-6524",8175158223,"www.tccd.edu","","","",""
339,209542,"Oregon State University","1500 SW Jefferson Avenue","OR","97331",5417370123,"oregonstate.edu","","","",""
340,238014,"West Virginia Northern Community College","1704 Market St.","WV","26003-3699",3042335900,"www.wvncc.edu/","","","",""
341,157289,"University of Louisville","2301 S 3rd St","KY","40292-0001",5028525555,"www.louisville.edu","","","",""
342,199111,"University of North Carolina at Asheville","One University Heights","NC","28804-8510",8282516600,"https://www.unca.edu","","","",""
343,155487,"Manhattan Area Technical College","3136 Dickens Ave","KS","66503-2499",7855872800,"www.manhattantech.edu","","","",""
344,138716,"Albany State University","504 College Drive","GA","31705",2294304600,"https://www.asurams.edu/","","","",""
345,235343,"Green River College","12401 SE 320th St","WA","98092-3622",2538339111,"www.greenriver.edu/","","","",""
346,128151,"Pickens Technical College","500 Airport Blvd","CO","80011-9307",303344491027734,"www.pickenstech.org","","","",""
347,140942,"Savannah Technical College","5717 White Bluff Rd","GA","31405-5594",9124435700,"www.savannahtech.edu","","","",""
348,463056,"University of Connecticut-Hartford Campus","10 Prospect Street","CT","06103",9592003500,"hartford.uconn.edu/","","","",""
349,226134,"Laredo Community College","West End Washington St","TX","78040-4395",9567215140,"www.laredo.edu","","","",""
350,155399,"Kansas State University","919 Mid-Campus Drive, Anderson Hall","KS","66506",7855326011,"www.k-state.edu","","","",""
351,125028,"Ventura College","4667 Telegraph Rd","CA","93003-3872",8056546400,"www.venturacollege.edu/","","","",""
352,129367,"Capital Community College","950 Main Street","CT","06103",8609065000,"www.ccc.commnet.edu","","","",""
353,221838,"Tennessee State University","3500 John A. Merritt Blvd","TN","37209-1561",6159635000,"www.tnstate.edu","","","",""
354,222992,"Austin Community College District","5930 Middle Fiskville Rd","TX","78752",5122237000,"www.austincc.edu","","","",""
355,144184,"City Colleges of Chicago-Harry S Truman College","1145 W Wilson Ave.","IL","60640-6063",7739074000,"ccc.edu/colleges/truman/pages/default.aspx","","","",""
356,155210,"Johnson County Community College","12345 College Blvd","KS","66210-1299",9134698500,"www.jccc.edu","","","",""
357,225423,"Houston Community College","3100 Main Street","TX","77002",8774226111,"www.hccs.edu","","","",""
358,113856,"East Los Angeles College","1301 Avenida Cesar Chavez","CA","91754-6099",3232658650,"www.elac.edu/","","","",""
359,217864,"Citadel Military College of South Carolina","171 Moultrie St","SC","29409",8432253294,"www.citadel.edu","","","",""
360,482158,"Middle Georgia State University","100 University Parkway","GA","31206",4784712700,"www.mga.edu/","","","",""
361,145600,"University of Illinois at Chicago","601 S Morgan","IL","60607",3129967000,"www.uic.edu","","","",""
362,184481,"Essex County College","303 University Ave","NJ","07102",9738773000,"www.essex.edu","","","",""
363,117247,"Laney College","900 Fallon Sreet","CA","94607",5108345740,"laney.edu/","","","",""
364,217819,"College of Charleston","66 George St","SC","29424-0001",8439535500,"www.cofc.edu","","","",""
365,215585,"Reading Area Community College","10 S Second St","PA","19603-1706",6103724721,"https://www.racc.edu","","","",""
366,236072,"North Seattle College","9600 College Way North","WA","98103-3599",2069343600,"www.northseattle.edu","","","",""
367,105668,"Rio Salado College","2323 W 14th St","AZ","85281",4805178000,"www.rio.maricopa.edu","","","",""
368,114789,"Fresno City College","1101 E. University Ave","CA","93741",5594424600,"www.fresnocitycollege.edu","","","",""
369,200022,"Bismarck State College","1500 Edwards Ave.","ND","58506-5587",7012245400,"https://bismarckstate.edu/","","","",""
370,144193,"City Colleges of Chicago-Richard J Daley College","7500 S Pulaski Rd","IL","60652-1299",7738387500,"ccc.edu/colleges/daley/pages/default.aspx","","","",""
371,177940,"Lincoln University","820 Chestnut Street","MO","65101",5736815000,"www.lincolnu.edu/","","","",""
372,158662,"Delgado Community College","615 City Park Avenue","LA","70119",5046715000,"WWW.DCC.EDU","","","",""
373,237011,"Western Washington University","516 High Street","WA","98225-9008",3606503000,"www.wwu.edu","","","",""
374,245999,"Francis Tuttle Technology Center","12777 N Rockwell Ave","OK","73142-2789",4057177799,"www.francistuttle.edu","","","",""
375,227182,"Lone Star College System","5000 Research Forest Drive","TX","77381-4399",8328136500,"www.lonestar.edu","","","",""
376,139250,"College of Coastal Georgia","One College Drive","GA","31520-3644",9122795700,"www.ccga.edu","","","",""
377,161864,"Baltimore City Community College","2901 Liberty Heights Avenue","MD","21215-7893",4104628300,"www.bccc.edu","","","",""
378,135267,"Fort Myers Technical College","3800 Michigan Ave","FL","33916-2204",2393344544325,"www.fortmyerstech.edu","","","",""
379,209551,"University of Oregon","110 Johnson Hall","OR","97403",5413461000,"www.uoregon.edu","","","",""
380,363165,"Metro Technology Centers","1900 Springlake Drive","OK","73111-5240",4054248324,"www.metrotech.edu","","","",""
381,135717,"Miami Dade College","300 NE 2nd Avenue","FL","33132-2204",3052378888,"www.mdc.edu/main/","","","",""
382,409315,"South Texas College","3201 W Pecan","TX","78502-9701",9568728311,"www.southtexascollege.edu","","","",""
383,154095,"University of Northern Iowa","1227 W 27th St","IA","50614-0005",3192732311,"www.uni.edu","","","",""
384,174233,"University of Minnesota-Duluth","515 Darland Administration Bldg","MN","55812",2187268000,"www.d.umn.edu/","","","",""
385,230010,"Bridgerland Technical College","1301 North 600 West","UT","84321",4357536780,"www.btech.edu","","","",""
386,131399,"University of the District of Columbia","4200 Connecticut Ave NW","DC","20008",2022745304,"www.udc.edu","","","",""
387,234669,"Bellevue College","3000 Landerholm Cir SE","WA","98007-6484",4255641000,"https://bellevuecollege.edu","","","",""
388,221625,"Tennessee College of Applied Technology-Knoxville","1100 Liberty Street","TN","37919",8655465567,"www.tcatknoxville.edu/","","","",""
389,101569,"Lawson State Community College-Birmingham Campus","3060 Wilson Rd SW","AL","35221-1717",2059252515,"www.lawsonstate.edu","","","",""
390,230490,"Ogden-Weber Technical College","200 N Washington Blvd","UT","84404-4089",8016278300,"www.owatc.edu","","","",""
391,126818,"Colorado State University-Fort Collins","102 Administration Building","CO","80523-0100",9704911101,"www.colostate.edu","","","",""
392,235149,"Everett Community College","2000 Tower Street","WA","98201",4253889100,"www.everettcc.edu","","","",""
393,144157,"City Colleges of Chicago-Kennedy-King College","6301 S Halsted St","IL","60621-2709",7736025000,"www.ccc.edu/colleges/kennedy/pages/default.aspx","","","",""
394,150987,"Ivy Tech Community College","50 W. Fall Creek Parkway N. Drive","IN","46208-5752",3179214800,"www.ivytech.edu","","","",""
395,200332,"North Dakota State University-Main Campus","1301  12th Avenue North","ND","58108-6050",7012318011,"https://www.ndsu.edu","","","",""
396,488934,"Tulsa Technology Center","3420 S Memorial Drive","OK","74145",9188285000,"tulsatech.edu","","","",""
397,135294,"Lindsey Hopkins Technical College","750 NW 20 Street","FL","33127",30532460707006,"www.lindseyhopkins.edu/","","","",""
398,160649,"Southern University at Shreveport","3050 Martin Luther King Dr","LA","71107",3186706000,"www.susla.edu","","","",""
399,228796,"The University of Texas at El Paso","500 W. University Ave","TX","79968-0691",9157475000,"www.utep.edu","","","",""
400,161873,"University of Baltimore","Charles at Mount Royal","MD","21201-5720",4108374200,"www.ubalt.edu","","","",""
401,185129,"New Jersey City University","2039 Kennedy Blvd","NJ","07305",2012002000,"www.njcu.edu","","","",""
402,112385,"Coastline Community College","11460 Warner Ave.","CA","92708-2597",7145467600,"www.coastline.edu","","","",""
403,116439,"Irvine Valley College","5500 Irvine Center Drive","CA","92618-0301",9494515100,"www.ivc.edu","","","",""
404,218858,"Central Carolina Technical College","506 N Guignard Dr","SC","29150-2499",8037781961,"www.cctech.edu","","","",""
405,157085,"University of Kentucky","South Limestone","KY","40506-0032",8592579000,"www.uky.edu","","","",""
406,121619,"Santa Ana College","1530 W. 17th Street","CA","92706-3398",7145646000,"www.sac.edu","","","",""
407,190521,"CUNY Borough of Manhattan Community College","199 Chambers St","NY","10007",2122208000,"www.bmcc.cuny.edu/","","","",""
408,156231,"Ashland Community and Technical College","1400 College Drive","KY","41101-3683",6063262000,"https://ashland.kctcs.edu/","","","",""
409,221050,"Tennessee College of Applied Technology-Morristown","821 W Louise Ave","TN","37813-2094",4235865771,"www.tcatmorristown.edu","","","",""
410,201885,"University of Cincinnati-Main Campus","2624 Clifton Avenue","OH","45221-0063",5135566000,"www.uc.edu","","","",""
411,155317,"University of Kansas","Strong Hall, 1450 Jayhawk Blvd, Room 230","KS","66045",7858642700,"www.ku.edu","","","",""
412,240268,"University of Wisconsin-Eau Claire","105 Garfield Ave","WI","54701",7158364636,"www.uwec.edu","","","",""
413,225432,"University of Houston-Downtown","1 Main Street","TX","77002-1014",7132218000,"www.uhd.edu","","","",""
414,104151,"Arizona State University-Tempe","University Drive and Mill Avenue","AZ","85287",8552785080,"www.asu.edu/","","","",""
415,100706,"University of Alabama in Huntsville","301 Sparkman Dr","AL","35899",2568246120,"www.uah.edu","","","",""
416,122384,"San Diego Miramar College","10440 Black Mountain Rd","CA","92126-2999",6193887800,"www.sdmiramar.edu","","","",""
417,138956,"Augusta Technical College","3200 Augusta Tech Drive","GA","30906",7067714000,"www.augustatech.edu","","","",""
418,138682,"Albany Technical College","1704 South Slappey Boulevard","GA","31701",22943035000656,"www.albanytech.edu","","","",""
419,227368,"The University of Texas Rio Grande Valley","1201 W University Dr","TX","78539-2999",9566652011,"www.utrgv.edu","","","",""
420,135276,"Lively Technical Center","500 N Appleyard Dr","FL","32304-2895",8504877555,"www.livelytech.com","","","",""
421,216296,"Thaddeus Stevens College of Technology","750 E King St","PA","17602-3198",7172997731,"www.stevenscollege.edu","","","",""
422,232423,"James Madison University","800 South Main Street","VA","22807",5405686211,"www.jmu.edu/","","","",""
423,399212,"Santiago Canyon College","8045 E Chapman","CA","92869-4512",7146284900,"www.sccollege.edu/Pages/default.aspx","","","",""
424,153658,"University of Iowa","101 Jessup Hall","IA","52242-1316",3193353500,"www.uiowa.edu","","","",""
425,220853,"Tennessee College of Applied Technology-Memphis","550 Alabama Ave","TN","38105-3604",9015436100,"www.tcatmemphis.edu","","","",""
426,112190,"City College of San Francisco","50 Phelan Ave","CA","94112-1898",4152393000,"www.ccsf.edu","","","",""
427,206914,"Cameron University","2800 West Gore Blvd","OK","73505-6377",5805812200,"www.cameron.edu","","","",""
428,142179,"College of Eastern Idaho","1600 S 25th E","ID","83404-5788",20853530003371,"www.eitc.edu","","","",""
429,199157,"North Carolina Central University","1801 Fayetteville Street","NC","27707",9195306100,"www.nccu.edu","","","",""
430,102030,"Bishop State Community College","351 North Broad Street","AL","36603-5898",2514057000,"www.bishop.edu","","","",""
431,153311,"Eastern Iowa Community College District","306 W River Dr","IA","52801-1221",5633363300,"www.eicc.edu","","","",""
432,221759,"The University of Tennessee-Knoxville","527 Andy Holt Tower","TN","37996",8659741000,"www.utk.edu","","","",""
433,136303,"Orange Technical College-Orlando Campus","301 W Amelia Street","FL","32801-1197",4072467060,"https://otc.ocps.net","","","",""
434,127158,"Emily Griffith Technical College","1860 Lincoln Street","CO","80203",7204234700,"www.emilygriffith.edu","","","",""
435,232937,"Norfolk State University","700 Park Avenue","VA","23504-8000",7578238600,"www.nsu.edu","","","",""
436,190585,"CUNY Hostos Community College","500 Grand Concourse","NY","10451",7185184444,"www.hostos.cuny.edu","","","",""
437,190530,"CUNY Bronx Community College","2155 University Avenue","NY","10453",7182895100,"www.bcc.cuny.edu","","","",""
438,178396,"University of Missouri-Columbia","105 Jesse Hall","MO","65211-1050",5738822121,"missouri.edu/","","","",""
439,191083,"Erie Community College","121 Ellicott St","NY","14203-2698",7168511322,"www.ecc.edu","","","",""
440,153603,"Iowa State University","1750 Beardshear Hall","IA","50011-2103",5152944111,"www.iastate.edu","","","",""
441,101462,"J. F. Drake State Community and Technical College","3421 Meridian St N","AL","35811",2565398161,"www.drakestate.edu","","","",""
442,100858,"Auburn University",NA,"AL","36849",3348444000,"www.auburn.edu","","","",""
443,126614,"University of Colorado Boulder","Regent Drive at Broadway","CO","80309-0017",3034921411,"www.colorado.edu","","","",""
444,177551,"Harris-Stowe State University","3026 Laclede Ave","MO","63103-2136",3143403366,"www.hssu.edu","","","",""
445,228787,"The University of Texas at Dallas","800 West Campbell  Road","TX","75080-3021",9728832111,"www.utdallas.edu","","","",""
446,107637,"Southeast Arkansas College","1900 Hazel St.","AR","71603",8705435900,"www.seark.edu","","","",""
447,138901,"Atlanta Metropolitan State College","1630 Metropolitan Parkway, SW","GA","30310-4448",4047564000,"www.atlm.edu","","","",""
448,190646,"CUNY Medgar Evers College","1650 Bedford Ave","NY","11225",7182704900,"www.mec.cuny.edu","","","",""
449,151351,"Indiana University-Bloomington","107 South Indiana Ave.","IN","47405-7000",8128554848,"www.iub.edu","","","",""
450,475565,"Stella and Charles Guttman Community College","50 West 40th Street","NY","10018-2602",6463138000,"www.guttman.cuny.edu/","","","",""
451,167631,"Roxbury Community College","1234 Columbus Ave","MA","02120-3400",6174270060,"www.rcc.mass.edu","","","",""
452,203331,"Eastern Gateway Community College","4000 Sunset Blvd","OH","43952-3598",7402645591,"www.egcc.edu","","","",""
453,138840,"Atlanta Technical College","1560 Metropolitan Pkwy SW","GA","30310-4446",4042254400,"www.atlantatech.edu/","","","",""
454,241720,"Colegio Universitario de San Juan","180 Jose Oliver St Tres Monjitas  Ind. Park","PR","00918",7874802400,"www.cunisanjuan.edu","","","",""
455,187046,"Thomas Edison State University","111 W State St","NJ","08608",60998411002025,"www.tesu.edu","","","",""
456,376695,"College of the Marshall Islands","Oceanside Uliga - PO Box 1258","MH","96960",6926253394236,"www.cmi.edu","","","",""
457,190576,"CUNY Graduate School and University Center","365 Fifth Ave","NY","10016",2128177000,"www.gc.cuny.edu","","","",""
458,230418,"LDS Business College","95 North 300 West","UT","84101-3500",8015248100,"www.ldsbc.edu","","","",""
459,213376,"Lackawanna College","501 Vine St","PA","18509-3206",5709617810,"www.lackawanna.edu","","","",""
460,192864,"Marymount Manhattan College","221 E 71st St","NY","10021-4597",2125170400,"www.mmm.edu","","","",""
461,445708,"Johnson & Wales University-Charlotte","Academic Center, 801 West Trade Street","NC","28202",8665982427,"www.jwu.edu/campuses/charlotte/index.html","","","",""
462,236212,"Perry Technical Institute","2011 W Washington Ave.","WA","98903-1296",5094530374,"www.perrytech.edu/","","","",""
463,196653,"Trocaire College","360 Choate Ave","NY","14220-2094",7168261200,"www.trocaire.edu/","","","",""
